{
  "code":1,
  "message":"success",
  "data": {
    "remark": "配置文件说明：swiper为轮播图图片 img图片地址 url图片链接，notice为活动列表配置 img缩略图 href活动链接 content活动说明 isNew是否新活动 date时间",
    "swiper": [{
      "name": "活动1",
      "img": "../dist/images/活动图.png",
      "url": "notice1.html"
    },
    {
      "name": "活动2",
      "img": "../dist/images/活动图.png",
      "url": "notice1.html"
    },
    {
      "name": "活动3",
      "img": "../dist/images/活动图.png",
      "url": "notice1.html"
    }],

    "notice": {
      "huodong": [
        {
          "img":"../dist/images/活动条目图-开服公告.jpg",
          "href": "notice1.html",
          "content": "开服公告",
          "isNew": 1,
          "date": "2016/08/30 10:00"
        },
        {
          "img":"../dist/images/活动条目图-开服公告.jpg",
          "href": "notice2.html",
          "content": "女神的恩惠",
          "isNew": 1,
          "date": "2016/08/30 11:00"
        },
        {
          "img":"../dist/images/活动条目图-7日登陆.jpg",
          "href": "notice3.html",
          "content": "每天都想见到你 七天登陆送好礼",
          "isNew": 1,
          "date": "2016/08/30 12:00"
        },
        {
          "img":"../dist/images/活动条目图-夏日狂欢.jpg",
          "href": "notice4.html",
          "content": "夏日狂欢 送你抽不到的五星角色！",
          "isNew": 1,
          "date": "2016/08/30 18:00"
        }
      ],
      "weihu": [

      ],
      "gengxin": [

      ],
      "guzhang": [

      ]
    }
  }
}
